<application>
  <component name="ProjectManager">
    <defaultProject>
      <component name="ProjectViewState">
        <option name="showLibraryContents" value="true" />
      </component>
      <component name="PropertiesComponent"><![CDATA[{
  "keyToString": {
    "settings.editor.selected.configurable": "preferences.keymap"
  }
}]]></component>
      <component name="WindowStateProjectService">
        <state x="229" y="41" key="SettingsEditor" timestamp="1714967781616">
          <screen x="0" y="25" width="1440" height="801" />
        </state>
        <state x="229" y="41" key="SettingsEditor/0.25.1440.801" timestamp="1714967781616" />
      </component>
    </defaultProject>
  </component>
</application>