<keymap version="1" name="Eclipse copy" parent="Eclipse">
  <action id="$Copy">
    <keyboard-shortcut first-keystroke="meta c" />
  </action>
  <action id="$Cut">
    <keyboard-shortcut first-keystroke="shift delete" />
    <keyboard-shortcut first-keystroke="meta x" />
  </action>
  <action id="$Paste">
    <keyboard-shortcut first-keystroke="meta v" />
  </action>
  <action id="$Redo">
    <keyboard-shortcut first-keystroke="meta y" />
  </action>
  <action id="$Undo">
    <keyboard-shortcut first-keystroke="meta z" />
  </action>
  <action id="Back">
    <mouse-shortcut keystroke="button4" />
    <keyboard-shortcut first-keystroke="meta left" />
  </action>
  <action id="CIDR.Lang.Cpp.GenerateDefinitions">
    <keyboard-shortcut first-keystroke="shift meta d" />
  </action>
  <action id="CommentByBlockComment">
    <keyboard-shortcut first-keystroke="shift meta slash" />
  </action>
  <action id="CommentByLineComment">
    <keyboard-shortcut first-keystroke="ctrl divide" />
    <keyboard-shortcut first-keystroke="meta slash" />
  </action>
  <action id="CopyPaths">
    <keyboard-shortcut first-keystroke="shift meta c" />
  </action>
  <action id="DelegateMethods">
    <keyboard-shortcut first-keystroke="shift meta e" />
  </action>
  <action id="Editor Copy">
    <keyboard-shortcut first-keystroke="meta c" />
  </action>
  <action id="Editor Cut">
    <keyboard-shortcut first-keystroke="meta x" />
  </action>
  <action id="Editor Paste">
    <keyboard-shortcut first-keystroke="meta v" />
  </action>
  <action id="Editor Redo">
    <keyboard-shortcut first-keystroke="meta y" />
  </action>
  <action id="Editor Undo">
    <keyboard-shortcut first-keystroke="meta z" />
  </action>
  <action id="EditorDeleteLine">
    <keyboard-shortcut first-keystroke="meta d" />
  </action>
  <action id="EditorDeleteToLineEnd">
    <keyboard-shortcut first-keystroke="shift meta back_space" />
  </action>
  <action id="EditorDeleteToWordEnd">
    <keyboard-shortcut first-keystroke="meta back_space" />
  </action>
  <action id="EditorDuplicateLines">
    <keyboard-shortcut first-keystroke="shift meta down" />
  </action>
  <action id="EditorJoinLines">
    <keyboard-shortcut first-keystroke="shift meta j" />
  </action>
  <action id="EditorPasteSimple">
    <keyboard-shortcut first-keystroke="shift meta alt v" />
  </action>
  <action id="FileStructurePopup">
    <keyboard-shortcut first-keystroke="ctrl f3" />
    <keyboard-shortcut first-keystroke="meta o" />
  </action>
  <action id="FindInPath">
    <keyboard-shortcut first-keystroke="ctrl h" />
    <keyboard-shortcut first-keystroke="meta h" />
  </action>
  <action id="FindNext">
    <keyboard-shortcut first-keystroke="meta k" />
  </action>
  <action id="FindPrevious">
    <keyboard-shortcut first-keystroke="shift meta k" />
  </action>
  <action id="FindUsages">
    <keyboard-shortcut first-keystroke="meta g" />
  </action>
  <action id="FindUsagesInFile">
    <keyboard-shortcut first-keystroke="shift meta g" />
  </action>
  <action id="Forward">
    <mouse-shortcut keystroke="button5" />
    <keyboard-shortcut first-keystroke="meta right" />
  </action>
  <action id="GotoClass">
    <keyboard-shortcut first-keystroke="shift meta t" />
  </action>
  <action id="GotoDeclaration">
    <keyboard-shortcut first-keystroke="f3" />
    <mouse-shortcut keystroke="meta button1" />
  </action>
  <action id="GotoImplementation">
    <keyboard-shortcut first-keystroke="ctrl alt b" />
    <keyboard-shortcut first-keystroke="meta t" />
  </action>
  <action id="GotoLine">
    <keyboard-shortcut first-keystroke="meta l" />
  </action>
  <action id="GotoSymbol">
    <keyboard-shortcut first-keystroke="shift meta alt n" />
  </action>
  <action id="ImplementMethods">
    <keyboard-shortcut first-keystroke="shift meta p" />
  </action>
  <action id="InsertLiveTemplate">
    <keyboard-shortcut first-keystroke="shift meta alt j" />
  </action>
  <action id="MoveElementLeft">
    <keyboard-shortcut first-keystroke="shift meta left" />
  </action>
  <action id="MoveElementRight">
    <keyboard-shortcut first-keystroke="shift meta right" />
  </action>
  <action id="MoveStatementDown">
    <keyboard-shortcut first-keystroke="meta down" />
  </action>
  <action id="MoveStatementUp">
    <keyboard-shortcut first-keystroke="meta up" />
  </action>
  <action id="PasteMultiple">
    <keyboard-shortcut first-keystroke="shift meta v" />
  </action>
  <action id="Refactorings.QuickListPopupAction">
    <keyboard-shortcut first-keystroke="shift meta alt t" />
  </action>
  <action id="ReformatCode">
    <keyboard-shortcut first-keystroke="shift ctrl f" />
    <keyboard-shortcut first-keystroke="shift meta l" />
  </action>
  <action id="RenameElement">
    <keyboard-shortcut first-keystroke="shift meta r" />
  </action>
  <action id="Replace">
    <keyboard-shortcut first-keystroke="meta f" />
  </action>
  <action id="SelectAllOccurrences">
    <keyboard-shortcut first-keystroke="meta alt y" />
  </action>
  <action id="ShowIntentionActions">
    <keyboard-shortcut first-keystroke="ctrl 1" />
    <keyboard-shortcut first-keystroke="meta enter" />
  </action>
  <action id="ShowReformatFileDialog">
    <keyboard-shortcut first-keystroke="shift meta alt l" />
  </action>
  <action id="ShowSettingsAndFindUsages">
    <keyboard-shortcut first-keystroke="shift meta alt f7" />
  </action>
  <action id="ShowUsages">
    <keyboard-shortcut first-keystroke="meta alt f7" />
  </action>
  <action id="TextSearchAction">
    <keyboard-shortcut first-keystroke="shift meta alt e" />
  </action>
</keymap>